{"stats":{"minecraft:picked_up":{"minecraft:feather":5,"minecraft:chicken":4,"minecraft:potion":1,"minecraft:string":2,"minecraft:bone":3,"minecraft:kelp":16,"minecraft:wheat_seeds":16,"minecraft:rabbit_hide":4,"minecraft:redstone_torch":8,"minecraft:rabbit":5,"minecraft:stone_hoe":1,"minecraft:sugar_cane":1,"minecraft:oak_planks":512,"minecraft:egg":3,"minecraft:torch":4,"minecraft:stone_button":1,"minecraft:redstone":17,"minecraft:arrow":1},"minecraft:custom":{"minecraft:interact_with_anvil":2,"minecraft:mob_kills":15,"minecraft:tune_noteblock":28,"minecraft:eat_cake_slice":1,"minecraft:leave_game":1,"minecraft:time_since_death":38941,"minecraft:climb_one_cm":1720,"minecraft:time_since_rest":38968,"minecraft:sprint_one_cm":35079,"minecraft:damage_taken":1200,"minecraft:walk_one_cm":234909,"minecraft:damage_dealt":1369,"minecraft:swim_one_cm":4031,"minecraft:fly_one_cm":916062,"minecraft:open_chest":38,"minecraft:crouch_one_cm":10457,"minecraft:play_time":187989,"minecraft:deaths":6,"minecraft:sneak_time":7774,"minecraft:walk_under_water_one_cm":75249,"minecraft:boat_one_cm":3269,"minecraft:jump":582,"minecraft:walk_on_water_one_cm":40193,"minecraft:total_world_time":188074,"minecraft:fall_one_cm":534,"minecraft:use_cauldron":27,"minecraft:inspect_dispenser":10},"minecraft:killed_by":{"minecraft:rabbit":5},"minecraft:mined":{"minecraft:grass":1},"minecraft:used":{"minecraft:wheat_seeds":1,"minecraft:oak_fence":2,"minecraft:water_bucket":22,"minecraft:diorite":1,"minecraft:netherite_sword":18,"minecraft:cow_spawn_egg":1,"minecraft:dropper":2,"minecraft:armor_stand":4,"minecraft:glass_bottle":8,"minecraft:dispenser":5,"minecraft:redstone":132,"minecraft:ladder":15,"minecraft:oak_planks":10,"minecraft:blue_wool":6,"minecraft:black_carpet":3,"minecraft:chest":8,"minecraft:stone":1181,"minecraft:redstone_block":7,"minecraft:spruce_sign":9,"minecraft:cauldron":3,"minecraft:blue_bed":2,"minecraft:sugar_cane":1,"minecraft:grass":20,"minecraft:torch":50,"minecraft:mooshroom_spawn_egg":2,"minecraft:diamond_block":1,"minecraft:anvil":2,"minecraft:dirt":3,"minecraft:sand":1,"minecraft:target":5,"minecraft:comparator":6,"minecraft:crafting_table":2,"minecraft:red_bed":2,"minecraft:cobblestone_wall":2,"minecraft:note_block":5,"minecraft:dripstone_block":2,"minecraft:spruce_fence":20,"minecraft:cake":8,"minecraft:warped_planks":14,"minecraft:deepslate_brick_stairs":2,"minecraft:obsidian":32,"minecraft:creeper_spawn_egg":1,"minecraft:redstone_torch":25,"minecraft:iron_hoe":15,"minecraft:sticky_piston":54,"minecraft:glass":6,"minecraft:piston":8,"minecraft:lever":1,"minecraft:lava_bucket":9,"minecraft:light_gray_stained_glass":156,"minecraft:command_block":4,"minecraft:red_wool":6,"minecraft:iron_block":34,"minecraft:grass_block":58,"minecraft:slime_block":3,"minecraft:stone_button":7,"minecraft:netherite_axe":4,"minecraft:chicken_spawn_egg":6,"minecraft:netherite_hoe":1,"minecraft:stone_slab":32,"minecraft:oak_pressure_plate":12,"minecraft:iron_door":3,"minecraft:deepslate":280,"minecraft:stone_brick_stairs":1,"minecraft:stone_bricks":59,"minecraft:glowstone":6,"minecraft:repeater":33,"minecraft:redstone_lamp":16,"minecraft:potion":14,"minecraft:iron_trapdoor":1,"minecraft:bucket":5,"minecraft:oak_boat":7,"minecraft:trapped_chest":1,"minecraft:polished_blackstone_button":4,"minecraft:air":2,"minecraft:cobbled_deepslate":29,"minecraft:observer":29,"minecraft:cobweb":2,"minecraft:pointed_dripstone":2},"minecraft:killed":{"minecraft:rabbit":5,"minecraft:spider":2,"minecraft:creeper":1,"minecraft:skeleton":1,"minecraft:chicken":4,"minecraft:enderman":1,"minecraft:cow":1}},"DataVersion":2865}